mechanic,stage,native_entry_point,player_context_requirements,authoritative_owner,client_suppression_application_hook,persistence_representation,baseline_evidence,multiplayer_evidence,intentional_policy_differences,status,milestone,acceptance_tests
movement,Creature,cCreatureBase::WalkTo; DoJump,Separate actor/player/species ownership required; see docs/m11-creature.md,Native resource owner; see authority-matrix.md,Existing armed replica guards; complete mechanic path remains unqualified,M09/M10 tested native artifacts only; full mechanic persistence unqualified,Retained M02/M03/M07 observations where applicable; no new M11 native run,M02/M06 native movement and jump/landing; M10 visiting-player motion,Native mechanics preserved; Normal targeting and camera-relative controls remain C01,IN_PROGRESS,M11,"T02,T03,T05,T06,T11"
eating and hunger,Creature,native_pickup_order; original corpse first-feed callbacks,Separate actor/player/species ownership required; see docs/m11-creature.md,Native resource owner; see authority-matrix.md,Existing armed replica guards; complete mechanic path remains unqualified,M09/M10 tested native artifacts only; full mechanic persistence unqualified,Retained M02/M03/M07 observations where applicable; no new M11 native run,M07 contested feeding; M09 no repeated first-feed grant,Native mechanics preserved; Plant and other diet-specific food remain C02,IN_PROGRESS,M11,"T02,T03,T05,T06,T11"
native combat and rewards,Creature,PlayAbility; native strike/damage observers; NativeDamageOwnerScope,Separate actor/player/species ownership required; see docs/m11-creature.md,Native resource owner; see authority-matrix.md,Existing armed replica guards; complete mechanic path remains unqualified,M09/M10 tested native artifacts only; full mechanic persistence unqualified,Retained M02/M03/M07 observations where applicable; no new M11 native run,M03 scoped A/B combat rewards; M07 shared encounter,Native mechanics preserved; Full abilities and nonzero costs remain C03,IN_PROGRESS,M11,"T02,T03,T05,T06,T11"
social actions and relationships,Creature,STATIC candidate C042A0 via D9BBD0; AddEvolutionPoints caller RVA 0x99bd1b,Separate actor/player/species ownership required; see docs/m11-creature.md,Native resource owner; see authority-matrix.md,Existing armed replica guards; complete mechanic path remains unqualified,M09/M10 tested native artifacts only; full mechanic persistence unqualified,Retained M02/M03/M07 observations where applicable; no new M11 native run,NOT RUN; static caller audit and HOST trace reducer only,Native mechanics preserved; Initiating owner and relationship writes remain C04,IN_PROGRESS,M11,"T02,T03,T05,T06,T11"
packs and nests,Creature,cHerd and mpNest are SDK source leads; qualified command binding UNKNOWN,Separate actor/player/species ownership required; see docs/m11-creature.md,Native resource owner; see authority-matrix.md,Existing armed replica guards; complete mechanic path remains unqualified,M09/M10 tested native artifacts only; full mechanic persistence unqualified,Retained M02/M03/M07 observations where applicable; no new M11 native run,M03 bounded nest-avoidance ownership correction only,Native mechanics preserved; Normal recruitment and nest ownership remain C05,IN_PROGRESS,M11,"T02,T03,T05,T06,T11"
spawn and despawn,Creature,GameNounManager census; native_scene entity lifetime fencing,Separate actor/player/species ownership required; see docs/m11-creature.md,Native resource owner; see authority-matrix.md,Existing armed replica guards; complete mechanic path remains unqualified,M09/M10 tested native artifacts only; full mechanic persistence unqualified,Retained M02/M03/M07 observations where applicable; no new M11 native run,M06/M07 original lifetime and bounded corpse projection,Native mechanics preserved; Within-location activation and normal spawning remain C07,IN_PROGRESS,M11,"T02,T03,T05,T06,T11"
unlocks and DNA,Creature,scoped native awards; cPlayer CRGItems checkpoint graph,Separate actor/player/species ownership required; see docs/m11-creature.md,Native resource owner; see authority-matrix.md,Existing armed replica guards; complete mechanic path remains unqualified,M09/M10 tested native artifacts only; full mechanic persistence unqualified,Retained M02/M03/M07 observations where applicable; no new M11 native run,M03/M07 DNA reward; M09 tested inventory and DNA restore,Native mechanics preserved; New independent part unlocks remain C08,IN_PROGRESS,M11,"T02,T03,T05,T06,T11"
mating and editor return,Creature,native editor observers and content transactions; MatingCall enum is a lead,Separate actor/player/species ownership required; see docs/m11-creature.md,Native resource owner; see authority-matrix.md,Existing armed replica guards; complete mechanic path remains unqualified,M09/M10 tested native artifacts only; full mechanic persistence unqualified,Retained M02/M03/M07 observations where applicable; no new M11 native run,M08 begin/commit/cancel foundation only,Native mechanics preserved; Mating and campaign avatar/model replacement remain C09,IN_PROGRESS,M11,"T02,T03,T05,T06,T11"
death and respawn,Creature,native_life_presentation; retained noun and epoch/generation fences,Separate actor/player/species ownership required; see docs/m11-creature.md,Native resource owner; see authority-matrix.md,Existing armed replica guards; complete mechanic path remains unqualified,M09/M10 tested native artifacts only; full mechanic persistence unqualified,Retained M02/M03/M07 observations where applicable; no new M11 native run,M07 bounded corpse presentation and A revival,Native mechanics preserved; Independent B respawn and complete native UI/model parity remain C10,IN_PROGRESS,M11,"T02,T03,T05,T06,T11"
distant players and camera activation,Creature,native_scene census; coordinator location leases and transfer control,Separate actor/player/species ownership required; see docs/m11-creature.md,Native resource owner; see authority-matrix.md,Existing armed replica guards; complete mechanic path remains unqualified,M09/M10 tested native artifacts only; full mechanic persistence unqualified,Retained M02/M03/M07 observations where applicable; no new M11 native run,M10 separate locations and meeting/return,Native mechanics preserved; Camera-independent within-location encounter activation remains C07,IN_PROGRESS,M11,"T02,T03,T05,T06,T11"
species progress within stage,Creature,cPlayer stage scalars; goal_hook currently requires shared native species,Separate actor/player/species ownership required; see docs/m11-creature.md,Native resource owner; see authority-matrix.md,Existing armed replica guards; complete mechanic path remains unqualified,M09/M10 tested native artifacts only; full mechanic persistence unqualified,Retained M02/M03/M07 observations where applicable; no new M11 native run,M09 tested state restore; M10 player artifact transfer,Native mechanics preserved; Independent native species and outgoing transition eligibility remain C06/C12,IN_PROGRESS,M11,"T02,T03,T05,T06,T11"
native control,Cell,UNKNOWN - binding investigation required,UNKNOWN - persistent actor/species/faction context audit,Native resource owner; see authority-matrix.md,UNKNOWN - M05/stage probe,UNKNOWN - verified native artifact required,NOT RUN,NOT RUN,See multiplayer-policy.md; native mechanics preserved,TODO,M12,"T03,T05,T06,T11"
collision,Cell,UNKNOWN - binding investigation required,UNKNOWN - persistent actor/species/faction context audit,Native resource owner; see authority-matrix.md,UNKNOWN - M05/stage probe,UNKNOWN - verified native artifact required,NOT RUN,NOT RUN,See multiplayer-policy.md; native mechanics preserved,TODO,M12,"T03,T05,T06,T11"
food and contested consumption,Cell,UNKNOWN - binding investigation required,UNKNOWN - persistent actor/species/faction context audit,Native resource owner; see authority-matrix.md,UNKNOWN - M05/stage probe,UNKNOWN - verified native artifact required,NOT RUN,NOT RUN,See multiplayer-policy.md; native mechanics preserved,TODO,M12,"T03,T05,T06,T11"
attacks and defenses,Cell,UNKNOWN - binding investigation required,UNKNOWN - persistent actor/species/faction context audit,Native resource owner; see authority-matrix.md,UNKNOWN - M05/stage probe,UNKNOWN - verified native artifact required,NOT RUN,NOT RUN,See multiplayer-policy.md; native mechanics preserved,TODO,M12,"T03,T05,T06,T11"
growth and scale changes,Cell,UNKNOWN - binding investigation required,UNKNOWN - persistent actor/species/faction context audit,Native resource owner; see authority-matrix.md,UNKNOWN - M05/stage probe,UNKNOWN - verified native artifact required,NOT RUN,NOT RUN,See multiplayer-policy.md; native mechanics preserved,TODO,M12,"T03,T05,T06,T11"
part unlocks,Cell,UNKNOWN - binding investigation required,UNKNOWN - persistent actor/species/faction context audit,Native resource owner; see authority-matrix.md,UNKNOWN - M05/stage probe,UNKNOWN - verified native artifact required,NOT RUN,NOT RUN,See multiplayer-policy.md; native mechanics preserved,TODO,M12,"T03,T05,T06,T11"
native editor return,Cell,UNKNOWN - binding investigation required,UNKNOWN - persistent actor/species/faction context audit,Native resource owner; see authority-matrix.md,UNKNOWN - M05/stage probe,UNKNOWN - verified native artifact required,NOT RUN,NOT RUN,See multiplayer-policy.md; native mechanics preserved,TODO,M12,"T03,T05,T06,T11"
death and restart,Cell,UNKNOWN - binding investigation required,UNKNOWN - persistent actor/species/faction context audit,Native resource owner; see authority-matrix.md,UNKNOWN - M05/stage probe,UNKNOWN - verified native artifact required,NOT RUN,NOT RUN,See multiplayer-policy.md; native mechanics preserved,TODO,M12,"T03,T05,T06,T11"
stage progress and canonical planet reference,Cell,UNKNOWN - binding investigation required,UNKNOWN - persistent actor/species/faction context audit,Native resource owner; see authority-matrix.md,UNKNOWN - M05/stage probe,UNKNOWN - verified native artifact required,NOT RUN,NOT RUN,See multiplayer-policy.md; native mechanics preserved,TODO,M12,"T03,T05,T06,T11"
multiple players in same simulation,Cell,UNKNOWN - binding investigation required,UNKNOWN - persistent actor/species/faction context audit,Native resource owner; see authority-matrix.md,UNKNOWN - M05/stage probe,UNKNOWN - verified native artifact required,NOT RUN,NOT RUN,See multiplayer-policy.md; native mechanics preserved,TODO,M12,"T03,T05,T06,T11"
unit selection and commands,Tribal,UNKNOWN - binding investigation required,UNKNOWN - persistent actor/species/faction context audit,Native resource owner; see authority-matrix.md,UNKNOWN - M05/stage probe,UNKNOWN - verified native artifact required,NOT RUN,NOT RUN,See multiplayer-policy.md; native mechanics preserved,TODO,M13,"T02,T03,T05,T11"
gathering and food storage,Tribal,UNKNOWN - binding investigation required,UNKNOWN - persistent actor/species/faction context audit,Native resource owner; see authority-matrix.md,UNKNOWN - M05/stage probe,UNKNOWN - verified native artifact required,NOT RUN,NOT RUN,See multiplayer-policy.md; native mechanics preserved,TODO,M13,"T02,T03,T05,T11"
tools and buildings,Tribal,UNKNOWN - binding investigation required,UNKNOWN - persistent actor/species/faction context audit,Native resource owner; see authority-matrix.md,UNKNOWN - M05/stage probe,UNKNOWN - verified native artifact required,NOT RUN,NOT RUN,See multiplayer-policy.md; native mechanics preserved,TODO,M13,"T02,T03,T05,T11"
native population,Tribal,UNKNOWN - binding investigation required,UNKNOWN - persistent actor/species/faction context audit,Native resource owner; see authority-matrix.md,UNKNOWN - M05/stage probe,UNKNOWN - verified native artifact required,NOT RUN,NOT RUN,See multiplayer-policy.md; native mechanics preserved,TODO,M13,"T02,T03,T05,T11"
combat,Tribal,UNKNOWN - binding investigation required,UNKNOWN - persistent actor/species/faction context audit,Native resource owner; see authority-matrix.md,UNKNOWN - M05/stage probe,UNKNOWN - verified native artifact required,NOT RUN,NOT RUN,See multiplayer-policy.md; native mechanics preserved,TODO,M13,"T02,T03,T05,T11"
instruments and social actions,Tribal,UNKNOWN - binding investigation required,UNKNOWN - persistent actor/species/faction context audit,Native resource owner; see authority-matrix.md,UNKNOWN - M05/stage probe,UNKNOWN - verified native artifact required,NOT RUN,NOT RUN,See multiplayer-policy.md; native mechanics preserved,TODO,M13,"T02,T03,T05,T11"
gifts and relationships,Tribal,UNKNOWN - binding investigation required,UNKNOWN - persistent actor/species/faction context audit,Native resource owner; see authority-matrix.md,UNKNOWN - M05/stage probe,UNKNOWN - verified native artifact required,NOT RUN,NOT RUN,See multiplayer-policy.md; native mechanics preserved,TODO,M13,"T02,T03,T05,T11"
tribe progress,Tribal,UNKNOWN - binding investigation required,UNKNOWN - persistent actor/species/faction context audit,Native resource owner; see authority-matrix.md,UNKNOWN - M05/stage probe,UNKNOWN - verified native artifact required,NOT RUN,NOT RUN,See multiplayer-policy.md; native mechanics preserved,TODO,M13,"T02,T03,T05,T11"
NPC tribe AI and player permissions,Tribal,UNKNOWN - binding investigation required,UNKNOWN - persistent actor/species/faction context audit,Native resource owner; see authority-matrix.md,UNKNOWN - M05/stage probe,UNKNOWN - verified native artifact required,NOT RUN,NOT RUN,See multiplayer-policy.md; native mechanics preserved,TODO,M13,"T02,T03,T05,T11"
rebuilding and editor configuration,Tribal,UNKNOWN - binding investigation required,UNKNOWN - persistent actor/species/faction context audit,Native resource owner; see authority-matrix.md,UNKNOWN - M05/stage probe,UNKNOWN - verified native artifact required,NOT RUN,NOT RUN,See multiplayer-policy.md; native mechanics preserved,TODO,M13,"T02,T03,T05,T11"
city ownership and management,Civilization,UNKNOWN - binding investigation required,UNKNOWN - persistent actor/species/faction context audit,Native resource owner; see authority-matrix.md,UNKNOWN - M05/stage probe,UNKNOWN - verified native artifact required,NOT RUN,NOT RUN,See multiplayer-policy.md; native mechanics preserved,TODO,M14,"T03,T06,T09,T11"
buildings and native production,Civilization,UNKNOWN - binding investigation required,UNKNOWN - persistent actor/species/faction context audit,Native resource owner; see authority-matrix.md,UNKNOWN - M05/stage probe,UNKNOWN - verified native artifact required,NOT RUN,NOT RUN,See multiplayer-policy.md; native mechanics preserved,TODO,M14,"T03,T06,T09,T11"
resource nodes,Civilization,UNKNOWN - binding investigation required,UNKNOWN - persistent actor/species/faction context audit,Native resource owner; see authority-matrix.md,UNKNOWN - M05/stage probe,UNKNOWN - verified native artifact required,NOT RUN,NOT RUN,See multiplayer-policy.md; native mechanics preserved,TODO,M14,"T03,T06,T09,T11"
vehicle creation and control,Civilization,UNKNOWN - binding investigation required,UNKNOWN - persistent actor/species/faction context audit,Native resource owner; see authority-matrix.md,UNKNOWN - M05/stage probe,UNKNOWN - verified native artifact required,NOT RUN,NOT RUN,See multiplayer-policy.md; native mechanics preserved,TODO,M14,"T03,T06,T09,T11"
land sea and air movement,Civilization,UNKNOWN - binding investigation required,UNKNOWN - persistent actor/species/faction context audit,Native resource owner; see authority-matrix.md,UNKNOWN - M05/stage probe,UNKNOWN - verified native artifact required,NOT RUN,NOT RUN,See multiplayer-policy.md; native mechanics preserved,TODO,M14,"T03,T06,T09,T11"
military interactions,Civilization,UNKNOWN - binding investigation required,UNKNOWN - persistent actor/species/faction context audit,Native resource owner; see authority-matrix.md,UNKNOWN - M05/stage probe,UNKNOWN - verified native artifact required,NOT RUN,NOT RUN,See multiplayer-policy.md; native mechanics preserved,TODO,M14,"T03,T06,T09,T11"
economic purchase and trade,Civilization,UNKNOWN - binding investigation required,UNKNOWN - persistent actor/species/faction context audit,Native resource owner; see authority-matrix.md,UNKNOWN - M05/stage probe,UNKNOWN - verified native artifact required,NOT RUN,NOT RUN,See multiplayer-policy.md; native mechanics preserved,TODO,M14,"T03,T06,T09,T11"
religious interactions,Civilization,UNKNOWN - binding investigation required,UNKNOWN - persistent actor/species/faction context audit,Native resource owner; see authority-matrix.md,UNKNOWN - M05/stage probe,UNKNOWN - verified native artifact required,NOT RUN,NOT RUN,See multiplayer-policy.md; native mechanics preserved,TODO,M14,"T03,T06,T09,T11"
diplomacy,Civilization,UNKNOWN - binding investigation required,UNKNOWN - persistent actor/species/faction context audit,Native resource owner; see authority-matrix.md,UNKNOWN - M05/stage probe,UNKNOWN - verified native artifact required,NOT RUN,NOT RUN,See multiplayer-policy.md; native mechanics preserved,TODO,M14,"T03,T06,T09,T11"
native special abilities,Civilization,UNKNOWN - binding investigation required,UNKNOWN - persistent actor/species/faction context audit,Native resource owner; see authority-matrix.md,UNKNOWN - M05/stage probe,UNKNOWN - verified native artifact required,NOT RUN,NOT RUN,See multiplayer-policy.md; native mechanics preserved,TODO,M14,"T03,T06,T09,T11"
stage victory and transition request,Civilization,UNKNOWN - binding investigation required,UNKNOWN - persistent actor/species/faction context audit,Native resource owner; see authority-matrix.md,UNKNOWN - M05/stage probe,UNKNOWN - verified native artifact required,NOT RUN,NOT RUN,See multiplayer-policy.md; native mechanics preserved,TODO,M14,"T03,T06,T09,T11"
ship control and native travel,Space,UNKNOWN - binding investigation required,UNKNOWN - persistent actor/species/faction context audit,Native resource owner; see authority-matrix.md,UNKNOWN - M05/stage probe,UNKNOWN - verified native artifact required,NOT RUN,NOT RUN,See multiplayer-policy.md; native mechanics preserved,TODO,M15,"T03,T07,T10,T11,T12"
planet system and galaxy transfer,Space,UNKNOWN - binding investigation required,UNKNOWN - persistent actor/species/faction context audit,Native resource owner; see authority-matrix.md,UNKNOWN - M05/stage probe,UNKNOWN - verified native artifact required,NOT RUN,NOT RUN,See multiplayer-policy.md; native mechanics preserved,TODO,M15,"T03,T07,T10,T11,T12"
tools and combat,Space,UNKNOWN - binding investigation required,UNKNOWN - persistent actor/species/faction context audit,Native resource owner; see authority-matrix.md,UNKNOWN - M05/stage probe,UNKNOWN - verified native artifact required,NOT RUN,NOT RUN,See multiplayer-policy.md; native mechanics preserved,TODO,M15,"T03,T07,T10,T11,T12"
inventory energy currency,Space,UNKNOWN - binding investigation required,UNKNOWN - persistent actor/species/faction context audit,Native resource owner; see authority-matrix.md,UNKNOWN - M05/stage probe,UNKNOWN - verified native artifact required,NOT RUN,NOT RUN,See multiplayer-policy.md; native mechanics preserved,TODO,M15,"T03,T07,T10,T11,T12"
trade and spice production,Space,UNKNOWN - binding investigation required,UNKNOWN - persistent actor/species/faction context audit,Native resource owner; see authority-matrix.md,UNKNOWN - M05/stage probe,UNKNOWN - verified native artifact required,NOT RUN,NOT RUN,See multiplayer-policy.md; native mechanics preserved,TODO,M15,"T03,T07,T10,T11,T12"
colonies and buildings,Space,UNKNOWN - binding investigation required,UNKNOWN - persistent actor/species/faction context audit,Native resource owner; see authority-matrix.md,UNKNOWN - M05/stage probe,UNKNOWN - verified native artifact required,NOT RUN,NOT RUN,See multiplayer-policy.md; native mechanics preserved,TODO,M15,"T03,T07,T10,T11,T12"
terraforming and ecosystems,Space,UNKNOWN - binding investigation required,UNKNOWN - persistent actor/species/faction context audit,Native resource owner; see authority-matrix.md,UNKNOWN - M05/stage probe,UNKNOWN - verified native artifact required,NOT RUN,NOT RUN,See multiplayer-policy.md; native mechanics preserved,TODO,M15,"T03,T07,T10,T11,T12"
relationships and missions,Space,UNKNOWN - binding investigation required,UNKNOWN - persistent actor/species/faction context audit,Native resource owner; see authority-matrix.md,UNKNOWN - M05/stage probe,UNKNOWN - verified native artifact required,NOT RUN,NOT RUN,See multiplayer-policy.md; native mechanics preserved,TODO,M15,"T03,T07,T10,T11,T12"
empire events,Space,UNKNOWN - binding investigation required,UNKNOWN - persistent actor/species/faction context audit,Native resource owner; see authority-matrix.md,UNKNOWN - M05/stage probe,UNKNOWN - verified native artifact required,NOT RUN,NOT RUN,See multiplayer-policy.md; native mechanics preserved,TODO,M15,"T03,T07,T10,T11,T12"
native progress and unlocks,Space,UNKNOWN - binding investigation required,UNKNOWN - persistent actor/species/faction context audit,Native resource owner; see authority-matrix.md,UNKNOWN - M05/stage probe,UNKNOWN - verified native artifact required,NOT RUN,NOT RUN,See multiplayer-policy.md; native mechanics preserved,TODO,M15,"T03,T07,T10,T11,T12"
single global background authority,Space,UNKNOWN - binding investigation required,UNKNOWN - persistent actor/species/faction context audit,Native resource owner; see authority-matrix.md,UNKNOWN - M05/stage probe,UNKNOWN - verified native artifact required,NOT RUN,NOT RUN,See multiplayer-policy.md; native mechanics preserved,TODO,M15,"T03,T07,T10,T11,T12"
unloaded areas and persistent changes,Space,UNKNOWN - binding investigation required,UNKNOWN - persistent actor/species/faction context audit,Native resource owner; see authority-matrix.md,UNKNOWN - M05/stage probe,UNKNOWN - verified native artifact required,NOT RUN,NOT RUN,See multiplayer-policy.md; native mechanics preserved,TODO,M15,"T03,T07,T10,T11,T12"
authenticated join and fresh-baseline reconnect,All,UNKNOWN - binding investigation required,UNKNOWN - persistent actor/species/faction context audit,Native resource owner; see authority-matrix.md,UNKNOWN - M05/stage probe,UNKNOWN - verified native artifact required,NOT RUN,NOT RUN,See multiplayer-policy.md; native mechanics preserved,TODO,"M08-M10,M16-M19","T01,T04,T05,T07,T08,T09,T10,T12,T13,T14,T15"
dedicated original-engine authority,All,UNKNOWN - binding investigation required,UNKNOWN - persistent actor/species/faction context audit,Native resource owner; see authority-matrix.md,UNKNOWN - M05/stage probe,UNKNOWN - verified native artifact required,NOT RUN,NOT RUN,See multiplayer-policy.md; native mechanics preserved,TODO,"M08-M10,M16-M19","T01,T04,T05,T07,T08,T09,T10,T12,T13,T14,T15"
single owned resource and fencing,All,UNKNOWN - binding investigation required,UNKNOWN - persistent actor/species/faction context audit,Native resource owner; see authority-matrix.md,UNKNOWN - M05/stage probe,UNKNOWN - verified native artifact required,NOT RUN,NOT RUN,See multiplayer-policy.md; native mechanics preserved,TODO,"M08-M10,M16-M19","T01,T04,T05,T07,T08,T09,T10,T12,T13,T14,T15"
content dependencies and quarantined import,All,UNKNOWN - binding investigation required,UNKNOWN - persistent actor/species/faction context audit,Native resource owner; see authority-matrix.md,UNKNOWN - M05/stage probe,UNKNOWN - verified native artifact required,NOT RUN,NOT RUN,See multiplayer-policy.md; native mechanics preserved,TODO,"M08-M10,M16-M19","T01,T04,T05,T07,T08,T09,T10,T12,T13,T14,T15"
canonical terrain and world records,All,UNKNOWN - binding investigation required,UNKNOWN - persistent actor/species/faction context audit,Native resource owner; see authority-matrix.md,UNKNOWN - M05/stage probe,UNKNOWN - verified native artifact required,NOT RUN,NOT RUN,See multiplayer-policy.md; native mechanics preserved,TODO,"M08-M10,M16-M19","T01,T04,T05,T07,T08,T09,T10,T12,T13,T14,T15"
immutable editor transactions,All,UNKNOWN - binding investigation required,UNKNOWN - persistent actor/species/faction context audit,Native resource owner; see authority-matrix.md,UNKNOWN - M05/stage probe,UNKNOWN - verified native artifact required,NOT RUN,NOT RUN,See multiplayer-policy.md; native mechanics preserved,TODO,"M08-M10,M16-M19","T01,T04,T05,T07,T08,T09,T10,T12,T13,T14,T15"
native checkpoint and crash recovery,All,UNKNOWN - binding investigation required,UNKNOWN - persistent actor/species/faction context audit,Native resource owner; see authority-matrix.md,UNKNOWN - M05/stage probe,UNKNOWN - verified native artifact required,NOT RUN,NOT RUN,See multiplayer-policy.md; native mechanics preserved,TODO,"M08-M10,M16-M19","T01,T04,T05,T07,T08,T09,T10,T12,T13,T14,T15"
location transfer and partitions,All,UNKNOWN - binding investigation required,UNKNOWN - persistent actor/species/faction context audit,Native resource owner; see authority-matrix.md,UNKNOWN - M05/stage probe,UNKNOWN - verified native artifact required,NOT RUN,NOT RUN,See multiplayer-policy.md; native mechanics preserved,TODO,"M08-M10,M16-M19","T01,T04,T05,T07,T08,T09,T10,T12,T13,T14,T15"
independent stage and location coexistence,All,UNKNOWN - binding investigation required,UNKNOWN - persistent actor/species/faction context audit,Native resource owner; see authority-matrix.md,UNKNOWN - M05/stage probe,UNKNOWN - verified native artifact required,NOT RUN,NOT RUN,See multiplayer-policy.md; native mechanics preserved,TODO,"M08-M10,M16-M19","T01,T04,T05,T07,T08,T09,T10,T12,T13,T14,T15"
applicable mixed-stage consequences,All,UNKNOWN - binding investigation required,UNKNOWN - persistent actor/species/faction context audit,Native resource owner; see authority-matrix.md,UNKNOWN - M05/stage probe,UNKNOWN - verified native artifact required,NOT RUN,NOT RUN,See multiplayer-policy.md; native mechanics preserved,TODO,"M08-M10,M16-M19","T01,T04,T05,T07,T08,T09,T10,T12,T13,T14,T15"
Cell to Creature transition,All,UNKNOWN - binding investigation required,UNKNOWN - persistent actor/species/faction context audit,Native resource owner; see authority-matrix.md,UNKNOWN - M05/stage probe,UNKNOWN - verified native artifact required,NOT RUN,NOT RUN,See multiplayer-policy.md; native mechanics preserved,TODO,"M08-M10,M16-M19","T01,T04,T05,T07,T08,T09,T10,T12,T13,T14,T15"
Creature to Tribal transition,All,UNKNOWN - binding investigation required,UNKNOWN - persistent actor/species/faction context audit,Native resource owner; see authority-matrix.md,UNKNOWN - M05/stage probe,UNKNOWN - verified native artifact required,NOT RUN,NOT RUN,See multiplayer-policy.md; native mechanics preserved,TODO,"M08-M10,M16-M19","T01,T04,T05,T07,T08,T09,T10,T12,T13,T14,T15"
Tribal to Civilization transition,All,UNKNOWN - binding investigation required,UNKNOWN - persistent actor/species/faction context audit,Native resource owner; see authority-matrix.md,UNKNOWN - M05/stage probe,UNKNOWN - verified native artifact required,NOT RUN,NOT RUN,See multiplayer-policy.md; native mechanics preserved,TODO,"M08-M10,M16-M19","T01,T04,T05,T07,T08,T09,T10,T12,T13,T14,T15"
Civilization to Space transition,All,UNKNOWN - binding investigation required,UNKNOWN - persistent actor/species/faction context audit,Native resource owner; see authority-matrix.md,UNKNOWN - M05/stage probe,UNKNOWN - verified native artifact required,NOT RUN,NOT RUN,See multiplayer-policy.md; native mechanics preserved,TODO,"M08-M10,M16-M19","T01,T04,T05,T07,T08,T09,T10,T12,T13,T14,T15"
native progression eligibility and inherited lineage,All,UNKNOWN - binding investigation required,UNKNOWN - persistent actor/species/faction context audit,Native resource owner; see authority-matrix.md,UNKNOWN - M05/stage probe,UNKNOWN - verified native artifact required,NOT RUN,NOT RUN,See multiplayer-policy.md; native mechanics preserved,TODO,"M08-M10,M16-M19","T01,T04,T05,T07,T08,T09,T10,T12,T13,T14,T15"
editor cancellation and simultaneous progression,All,UNKNOWN - binding investigation required,UNKNOWN - persistent actor/species/faction context audit,Native resource owner; see authority-matrix.md,UNKNOWN - M05/stage probe,UNKNOWN - verified native artifact required,NOT RUN,NOT RUN,See multiplayer-policy.md; native mechanics preserved,TODO,"M08-M10,M16-M19","T01,T04,T05,T07,T08,T09,T10,T12,T13,T14,T15"
full campaign alongside independent player,All,UNKNOWN - binding investigation required,UNKNOWN - persistent actor/species/faction context audit,Native resource owner; see authority-matrix.md,UNKNOWN - M05/stage probe,UNKNOWN - verified native artifact required,NOT RUN,NOT RUN,See multiplayer-policy.md; native mechanics preserved,TODO,"M08-M10,M16-M19","T01,T04,T05,T07,T08,T09,T10,T12,T13,T14,T15"
Internet hosting authentication and administration,All,UNKNOWN - binding investigation required,UNKNOWN - persistent actor/species/faction context audit,Native resource owner; see authority-matrix.md,UNKNOWN - M05/stage probe,UNKNOWN - verified native artifact required,NOT RUN,NOT RUN,See multiplayer-policy.md; native mechanics preserved,TODO,"M08-M10,M16-M19","T01,T04,T05,T07,T08,T09,T10,T12,T13,T14,T15"
network impairment correctness,All,UNKNOWN - binding investigation required,UNKNOWN - persistent actor/species/faction context audit,Native resource owner; see authority-matrix.md,UNKNOWN - M05/stage probe,UNKNOWN - verified native artifact required,NOT RUN,NOT RUN,See multiplayer-policy.md; native mechanics preserved,TODO,"M08-M10,M16-M19","T01,T04,T05,T07,T08,T09,T10,T12,T13,T14,T15"
clean install and supported operating envelope,All,UNKNOWN - binding investigation required,UNKNOWN - persistent actor/species/faction context audit,Native resource owner; see authority-matrix.md,UNKNOWN - M05/stage probe,UNKNOWN - verified native artifact required,NOT RUN,NOT RUN,See multiplayer-policy.md; native mechanics preserved,TODO,"M08-M10,M16-M19","T01,T04,T05,T07,T08,T09,T10,T12,T13,T14,T15"
multi-hour real-game soak,All,UNKNOWN - binding investigation required,UNKNOWN - persistent actor/species/faction context audit,Native resource owner; see authority-matrix.md,UNKNOWN - M05/stage probe,UNKNOWN - verified native artifact required,NOT RUN,NOT RUN,See multiplayer-policy.md; native mechanics preserved,TODO,"M08-M10,M16-M19","T01,T04,T05,T07,T08,T09,T10,T12,T13,T14,T15"
